Indice,Maligno,Dispositivo,TipologiaAttacco,RMSE:
2188,0,1,0,0.23355818172857548
2189,0,1,0,0.27669594816496546
2190,0,1,0,0.30313121904939166
2191,0,1,0,0.33161078446967823
2192,0,1,0,0.23827263965029016
2193,0,1,0,0.3319066456767332
2194,0,1,0,0.33934593210535413
2195,0,1,0,0.24847016773352332
2196,0,1,0,0.34299373390256116
2197,0,1,0,0.22379572851339324
2198,0,1,0,0.23699088889926367
2199,0,1,0,0.23957108443793204
2200,0,1,0,0.29318891293712723
2201,0,1,0,0.23049385371591474
2202,0,1,0,0.2650224266239381
2203,0,1,0,0.23348547293621405
2204,0,1,0,0.3212274148052258
2205,0,1,0,0.22636838121199881
2206,0,1,0,0.3307875035918458
2207,0,1,0,0.2499964370054245
2208,0,1,0,0.30279373538862514
2209,0,1,0,0.3003430290729599
2210,0,1,0,0.2289293372298338
2211,0,1,0,0.3033690621666474
2212,0,1,0,0.19825223451081833
2213,0,1,0,0.2236968682435221
2214,0,1,0,0.2594121451133688
2215,0,1,0,0.3424401715056627
2216,0,1,0,0.30415295364446937
2217,0,1,0,0.3356399162665777
2218,0,1,0,0.21488652313902126
2219,0,1,0,0.28389822624870953
2220,0,1,0,0.32658055605346625
2221,0,1,0,0.2324214290600421
2222,0,1,0,0.26509291516462197
2223,0,1,0,0.2809135732130473
2224,0,1,0,0.283912224527087
2225,0,1,0,0.2430261579933401
2226,0,1,0,0.2358108245616025
2227,0,1,0,0.3032083007536759
2228,0,1,0,0.22777170691253432
2229,0,1,0,0.3373966073571474
2230,0,1,0,0.24160493745719097
2231,0,1,0,0.3382712391681109
2232,0,1,0,0.26486076658801466
2233,0,1,0,0.21326385318834148
2234,0,1,0,0.343770462294045
2235,0,1,0,0.3245244524835711
2236,0,1,0,0.21200782102823948
2237,0,1,0,0.30770342623560026
2238,0,1,0,0.31407324928485436
2239,0,1,0,0.2463141273237792
2240,0,1,0,0.3063311370251453
2241,0,1,0,0.3055960877648747
2242,0,1,0,0.34144832464270525
2243,0,1,0,0.22920597180334562
2244,0,1,0,0.2729680923616277
2245,0,1,0,0.2843204398491416
2246,0,1,0,0.32786522227692955
2247,0,1,0,0.24084600416938798
2248,0,1,0,0.3438014481954426
2249,0,1,0,0.2843188922511462
2250,0,1,0,0.2754866122336524
2251,0,1,0,0.3512387260706386
2252,0,1,0,0.30087770149379317
2253,0,1,0,0.32342444900089595
2254,0,1,0,0.27762836232202176
2255,0,1,0,0.29413997170619
2256,0,1,0,0.254666685870191
2257,0,1,0,0.2788933878361129
2258,0,1,0,0.2954965948379281
2259,0,1,0,0.3754939186925783
2260,0,1,0,0.33767128165407834
2261,0,1,0,0.23483473170246563
2262,0,1,0,0.281961047213222
2263,0,1,0,0.3005680930592592
2264,0,1,0,0.28525758825990116
2265,0,1,0,0.20802349611756657
2266,0,1,0,0.23888286934875905
2267,0,1,0,0.22454823660743042
2268,0,1,0,0.28655771899410604
2269,0,1,0,0.29607207928477747
2270,0,1,0,0.227654430090305
2271,0,1,0,0.3071868940246492
2272,0,1,0,0.3040461775996154
2273,0,1,0,0.31155871458252504
2274,0,1,0,0.23725384949400088
2275,0,1,0,0.30647686701654553
2276,0,1,0,0.24276108604172533
2277,0,1,0,0.36123506259389315
2278,0,1,0,0.2454378728765094
2279,0,1,0,0.2995362215992834
2280,0,1,0,0.298945007372919
2281,0,1,0,0.3237681974643398
2282,0,1,0,0.30366475539903975
2283,0,1,0,0.2904465402854066
2284,0,1,0,0.34570225020461837
2285,0,1,0,0.28388739836428384
2286,0,1,0,0.2558392708642596
2287,0,1,0,0.26951503875002797
2288,0,1,0,0.22920719750998775
2289,0,1,0,0.35329483608499773
2290,0,1,0,0.22909940487190994
2291,0,1,0,0.2436621931944534
2292,0,1,0,0.33917002822295766
2293,0,1,0,0.30127146881854977
2294,0,1,0,0.27201488511486877
2295,0,1,0,0.2391313316678416
2296,0,1,0,0.3278959510945581
2297,0,1,0,0.28158653158762414
2298,0,1,0,0.3485716383799947
2299,0,1,0,0.3001650760202064
2300,0,1,0,0.24268137219971667
2301,0,1,0,0.2624461036882716
2302,0,1,0,0.26369738005089294
2303,0,1,0,0.22665468053418417
2304,0,1,0,0.2563608028759708
2305,0,1,0,0.2335145660779467
2306,0,1,0,0.27658067865029085
2307,0,1,0,0.2870801860395504
2308,0,1,0,0.24539209671968432
2309,0,1,0,0.23996283255974346
2310,0,1,0,0.3180230360124247
2311,0,1,0,0.28533934549057255
2312,0,1,0,0.23397765085749686
2313,0,1,0,0.22272069309304562
2314,0,1,0,0.3162596663669401
2315,0,1,0,0.3418048695410217
2316,0,1,0,0.2414589529408938
2317,0,1,0,0.3249346826949031
2318,0,1,0,0.34260984354420415
2319,0,1,0,0.2999086537278436
2320,0,1,0,0.30629674195006623
2321,0,1,0,0.29494544249242116
2322,0,1,0,0.22895740333948864
2323,0,1,0,0.2763300306871063
2324,0,1,0,0.3269482982312154
2325,0,1,0,0.24973190015213853
2326,0,1,0,0.28454478821815593
2327,0,1,0,0.33823111960043595
2328,0,1,0,0.26256181525797706
2329,0,1,0,0.23093003781990654
2330,0,1,0,0.25055157185640703
2331,0,1,0,0.3119651771131674
2332,0,1,0,0.304850454728261
2333,0,1,0,0.3006700742696048
2334,0,1,0,0.23843991258415848
2335,0,1,0,0.2629494644325913
2336,0,1,0,0.3122204313096708
2337,0,1,0,0.27764217777045563
2338,0,1,0,0.2256463931518259
2339,0,1,0,0.3085442763627391
2340,0,1,0,0.2999051133081802
2341,0,1,0,0.2850853633161886
2342,0,1,0,0.30291175403547566
2343,0,1,0,0.25836835444596146
2344,0,1,0,0.3048132704433704
2345,0,1,0,0.3452745152680416
2346,0,1,0,0.30134174436488875
2347,0,1,0,0.29241609571263205
2348,0,1,0,0.2856827973243526
2349,0,1,0,0.3008781833217401
2350,0,1,0,0.2112520918155511
2351,0,1,0,0.34555740549256614
2352,0,1,0,0.34312323677857287
2353,0,1,0,0.3414951201780122
2354,0,1,0,0.3047999753723606
2355,0,1,0,0.342901576697066
2356,0,1,0,0.308273180205793
2357,0,1,0,0.23377768372311086
2358,0,1,0,0.28659061308617473
2359,0,1,0,0.2845820030586935
2360,0,1,0,0.27848479057095604
2361,0,1,0,0.2838855009955435
2362,0,1,0,0.2506419542989387
2363,0,1,0,0.3249274130998097
2364,0,1,0,0.23954454477204473
2365,0,1,0,0.21545365153648977
2366,0,1,0,0.32717461656558694
2367,0,1,0,0.2191273681141414
2368,0,1,0,0.30831356424316536
2369,0,1,0,0.28135881661878354
2370,0,1,0,0.28519506811649414
2371,0,1,0,0.2855644242414653
2372,0,1,0,0.30790987985425033
2373,0,1,0,0.3121944469398631
2374,0,1,0,0.2992437442783659
2375,0,1,0,0.24209250758249415
2376,0,1,0,0.29871003093895004
2377,0,1,0,0.3062457415919448
2378,0,1,0,0.32537390452356574
2379,0,1,0,0.2425384016233988
2380,0,1,0,0.33652388364671926
2381,0,1,0,0.26265430890822644
2382,0,1,0,0.23625288443343842
2383,0,1,0,0.2667861968660131
2384,0,1,0,0.26007116267736824
2385,0,1,0,0.2888649935989687
2386,0,1,0,0.32049743794716457
2387,0,1,0,0.20277037205152823
2388,0,1,0,0.27384186250992687
2389,0,1,0,0.3292098953996646
2390,0,1,0,0.2701428048225352
2391,0,1,0,0.2623133194652707
2392,0,1,0,0.3008238370327033
2393,0,1,0,0.2826443525800878
2394,0,1,0,0.3432903050849939
2395,0,1,0,0.2991903437408844
2396,0,1,0,0.2667434927742153
2397,0,1,0,0.22452489302813583
2398,0,1,0,0.21647078628096844
2399,0,1,0,0.31578186874105446
2400,0,1,0,0.22967156927698368
2401,0,1,0,0.3013673739747598
2402,0,1,0,0.2790868534900976
2403,0,1,0,0.24481200809126086
2404,0,1,0,0.3020336622634272
2405,0,1,0,0.3234271057262864
2406,0,1,0,0.2787184818241224
2407,0,1,0,0.28146724254749156
2408,0,1,0,0.3313921644011672
2409,0,1,0,0.25557252099577255
2410,0,1,0,0.340286836338936
2411,0,1,0,0.3008940639181731
2412,0,1,0,0.3461711762401796
2413,0,1,0,0.3021333033170318
2414,0,1,0,0.30117755357693504
2415,0,1,0,0.317871688793747
2416,0,1,0,0.22547093054655964
2417,0,1,0,0.23850206179287314
2418,0,1,0,0.31495080895369404
2419,0,1,0,0.20963351122954485
2420,0,1,0,0.34148156299827426
2421,0,1,0,0.27516466927039185
2422,0,1,0,0.23692832781253134
2423,0,1,0,0.3346313441470839
2424,0,1,0,0.2356101198554069
2425,0,1,0,0.3033772836582728
2426,0,1,0,0.31766705269666295
2427,0,1,0,0.31399343053946244
2428,0,1,0,0.23842655557401088
2429,0,1,0,0.3018611811648003
2430,0,1,0,0.23537667124202777
2431,0,1,0,0.22931298844154313
2432,0,1,0,0.283925739692188
2433,0,1,0,0.283834332745449
2434,0,1,0,0.3120012479917235
2435,0,1,0,0.2354541751745287
2436,0,1,0,0.31474118484954355
2437,0,1,0,0.300005177606608
2438,0,1,0,0.3097085549986753
2439,0,1,0,0.33748798367822336
2440,0,1,0,0.3008802077762028
2441,0,1,0,0.3033865731914259
2442,0,1,0,0.3010998525870553
2443,0,1,0,0.284547518798583
2444,0,1,0,0.3014279053218215
2445,0,1,0,0.2112421945996741
2446,0,1,0,0.3002784868973123
2447,0,1,0,0.28388859820007956
2448,0,1,0,0.2708399950457741
2449,0,1,0,0.22982823570727903
2450,0,1,0,0.2189628661255278
2451,0,1,0,0.2835323417218023
2452,0,1,0,0.33724768722720533
2453,0,1,0,0.34767053597953085
2454,0,1,0,0.30035564751709115
2455,0,1,0,0.295745870963029
2456,0,1,0,0.23990749795065616
2457,0,1,0,0.2868165767853566
2458,0,1,0,0.3083211972668698
2459,0,1,0,0.20433809198118819
2460,0,1,0,0.29486336550783465
2461,0,1,0,0.30101500546879895
2462,0,1,0,0.34166029580267815
2463,0,1,0,0.3268784715772554
2464,0,1,0,0.2992632296907583
2465,0,1,0,0.2845489153022902
2466,0,1,0,0.23803839803893773
2467,0,1,0,0.305067215152866
2468,0,1,0,0.27411001141742136
2469,0,1,0,0.2994410263198806
2470,0,1,0,0.24695605681982663
2471,0,1,0,0.2122345777328817
2472,0,1,0,0.2365845960617126
2473,0,1,0,0.23472710295623384
2474,0,1,0,0.28132210947848324
2475,0,1,0,0.3246065189266472
2476,0,1,0,0.3401194173676964
2477,0,1,0,0.3105470506196716
2478,0,1,0,0.22383733139606207
2479,0,1,0,0.30988927621095663
2480,0,1,0,0.3256305158099834
2481,0,1,0,0.34915271104584894
2482,0,1,0,0.23191615536740626
2483,0,1,0,0.3370438785229759
2484,0,1,0,0.30177900043305134
2485,0,1,0,0.31094174153914217
2486,0,1,0,0.30946855641212334
2487,0,1,0,0.3074776961025756
2488,0,1,0,0.30108713726329184
2489,0,1,0,0.3457248856527927
2490,0,1,0,0.32750987877126975
2491,0,1,0,0.27639269632132435
2492,0,1,0,0.35102675677057893
2493,0,1,0,0.3307287667494487
2494,0,1,0,0.33869419930773365
2495,0,1,0,0.27309560102733477
2496,0,1,0,0.3440931961724013
2497,0,1,0,0.32325481345803153
2498,0,1,0,0.30038207465484834
2499,0,1,0,0.24446426893376474
2500,0,1,0,0.23985558375648655
2501,0,1,0,0.30155422484813366
2502,0,1,0,0.3092577420906521
2503,0,1,0,0.3421769449198881
2504,0,1,0,0.30059706144787746
2505,0,1,0,0.2408749753069154
2506,0,1,0,0.3226125947034567
2507,0,1,0,0.3411790816025058
2508,0,1,0,0.34884634942197384
2509,0,1,0,0.3212041126077378
2510,0,1,0,0.305744753792635
2511,0,1,0,0.30097336587321905
2512,0,1,0,0.2411160032262002
2513,0,1,0,0.24670884600781992
2514,0,1,0,0.2829199650538789
2515,0,1,0,0.3436885171527104
2516,0,1,0,0.30262444639823266
2517,0,1,0,0.3076603698069294
2518,0,1,0,0.34571222634995985
2519,0,1,0,0.2737227217614133
2520,0,1,0,0.25760444606333593
2521,0,1,0,0.3151251754199528
2522,0,1,0,0.3211832653343759
2523,0,1,0,0.34315057837925517
2524,0,1,0,0.29925262889866716
2525,0,1,0,0.3084701723571181
2526,0,1,0,0.3015064101490938
2527,0,1,0,0.23914329616149102
2528,0,1,0,0.32078799723398954
2529,0,1,0,0.3449926329124922
2530,0,1,0,0.2690288706295522
2531,0,1,0,0.28736774889981265
2532,0,1,0,0.21645667315199785
2533,0,1,0,0.35695894732164113
2534,0,1,0,0.30533746995400457
2535,0,1,0,0.3079965215757108
2536,0,1,0,0.24579043504060802
2537,0,1,0,0.28594033588371426
2538,0,1,0,0.32252252743885035
2539,0,1,0,0.3063355605815512
2540,0,1,0,0.31473476618056523
2541,0,1,0,0.25912705981343825
2542,0,1,0,0.21076358634136813
2543,0,1,0,0.30436169157114235
2544,0,1,0,0.23918191441262676
2545,0,1,0,0.24145195197936903
2546,0,1,0,0.2641903047116359
2547,0,1,0,0.3118079373460032
2548,0,1,0,0.2827619331308852
2549,0,1,0,0.20836136078416934
2550,0,1,0,0.27361976316417935
2551,0,1,0,0.2694592466899071
2552,0,1,0,0.30234509535393383
2553,0,1,0,0.3375725711188207
2554,0,1,0,0.25488457634912387
2555,0,1,0,0.24098074614189655
2556,0,1,0,0.28069470061261687
2557,0,1,0,0.3241276613588212
2558,0,1,0,0.27243099228687073
2559,0,1,0,0.24626483209809774
2560,0,1,0,0.27518701970803283
2561,0,1,0,0.24739083789222832
2562,0,1,0,0.24566356362313158
2563,0,1,0,0.24661650130887397
2564,0,1,0,0.30216672525864013
2565,0,1,0,0.31675981069191
2566,0,1,0,0.3050053478605828
2567,0,1,0,0.3098534150127821
2568,0,1,0,0.34038561651876814
2569,0,1,0,0.2733548134120805
2570,0,1,0,0.21307044682357454
2571,0,1,0,0.2598076523007975
2572,0,1,0,0.24213645003383152
2573,0,1,0,0.24685549915344424
2574,0,1,0,0.24252049980461793
2575,0,1,0,0.42792769424437355
2576,0,1,0,0.23592713938880816
2577,0,1,0,0.24459300713631962
2578,0,1,0,0.31450950430077346
2579,0,1,0,0.3398540782251307
2580,0,1,0,0.32179470235575
2581,0,1,0,0.3422587803239622
2582,0,1,0,0.28629356905121384
2583,0,1,0,0.29926365617567857
2584,0,1,0,0.21174340378655895
2585,0,1,0,0.3313046424439157
2586,0,1,0,0.3001154637249823
2587,0,1,0,0.34692143650924356
2588,0,1,0,0.27731088639714413
2589,0,1,0,0.2727271350368751
2590,0,1,0,0.34505263093063365
2591,0,1,0,0.28410829198071724
2592,0,1,0,0.21627582647101046
2593,0,1,0,0.2106844244660284
2594,0,1,0,0.2322235165886314
2595,0,1,0,0.34488127628142895
2596,0,1,0,0.31843714637608
2597,0,1,0,0.24449445257429345
2598,0,1,0,0.28224154707469945
2599,0,1,0,0.30408058067697386
2600,0,1,0,0.28174822228903196
2601,0,1,0,0.24233522327224413
2602,0,1,0,0.20476578273424237
2603,0,1,0,0.2767870630470569
2604,0,1,0,0.24235178093081539
2605,0,1,0,0.30098499368149434
2606,0,1,0,0.32886540162137023
2607,0,1,0,0.3167577932434006
2608,0,1,0,0.23564376057988257
2609,0,1,0,0.3354440063610142
2610,0,1,0,0.21893912836132462
2611,0,1,0,0.285689767541812
2612,0,1,0,0.2781878222722898
2613,0,1,0,0.30113965239955276
2614,0,1,0,0.24752938092567534
2615,0,1,0,0.30824586013910976
2616,0,1,0,0.3026383197098309
2617,0,1,0,0.3514146324740229
2618,0,1,0,0.3006306918290438
2619,0,1,0,0.3400627016741178
2620,0,1,0,0.325865913171904
2621,0,1,0,0.30482812406101567
2622,0,1,0,0.3147454150044688
2623,0,1,0,0.22942508615950208
2624,0,1,0,0.33972281245916597
2625,0,1,0,0.3244052223067944
2626,0,1,0,0.27817927373994944
2627,0,1,0,0.24207907592492398
2628,0,1,0,0.23782284113685626
2629,0,1,0,0.299225833793197
2630,0,1,0,0.21621237481877043
2631,0,1,0,0.30980849055471227
2632,0,1,0,0.23908566584811078
2633,0,1,0,0.3402297039246453
2634,0,1,0,0.256367816957827
2635,0,1,0,0.22871131105477374
2636,0,1,0,0.30383616095421145
2637,0,1,0,0.30097979401938524
2638,0,1,0,0.2885664304072487
2639,0,1,0,0.3027736932406727
2640,0,1,0,0.32729277572323656
2641,0,1,0,0.3031033594588473
2642,0,1,0,0.23717701607534583
2643,0,1,0,0.2664225081030272
2644,0,1,0,0.22025757625356457
2645,0,1,0,0.28511244436874705
2646,0,1,0,0.2838824121475154
2647,0,1,0,0.24467532000976075
2648,0,1,0,0.25173707423440195
2649,0,1,0,0.3360583116350124
2650,0,1,0,0.23236223418800828
2651,0,1,0,0.28403728751638374
2652,0,1,0,0.2328072262866688
2653,0,1,0,0.339685185719213
2654,0,1,0,0.32422820805120023
2655,0,1,0,0.2937276105287903
2656,0,1,0,0.34846907791203735
2657,0,1,0,0.2398767224700148
2658,0,1,0,0.26563587030568636
2659,0,1,0,0.22999402271164884
2660,0,1,0,0.21839723240538916
2661,0,1,0,0.3088584113542759
2662,0,1,0,0.34541123813717095
2663,0,1,0,0.3014265835449803
2664,0,1,0,0.3214566976599185
2665,0,1,0,0.305472386287825
2666,0,1,0,0.30385875014830893
2667,0,1,0,0.28392258847083274
2668,0,1,0,0.2772092356921846
2669,0,1,0,0.23848400199490205
2670,0,1,0,0.2830787145278379
2671,0,1,0,0.23261505220599565
2672,0,1,0,0.29853985755998935
2673,0,1,0,0.31788725973249715
2674,0,1,0,0.2559070304277872
2675,0,1,0,0.23502771137642509
2676,0,1,0,0.2845438335782581
2677,0,1,0,0.28458581938943833
2678,0,1,0,0.23076431072782405
2679,0,1,0,0.21339876545276454
2680,0,1,0,0.34354112900064504
2681,0,1,0,0.34474856132073484
2682,0,1,0,0.30469260979220397
2683,0,1,0,0.2545501247594007
2684,0,1,0,0.30622896146676803
2685,0,1,0,0.34401205550782354
2686,0,1,0,0.30251940768595753
2687,0,1,0,0.3018877334556955
2688,0,1,0,0.3315268517634368
2689,0,1,0,0.23355129228631089
2690,0,1,0,0.2372586621405478
2691,0,1,0,0.33750425237190845
2692,0,1,0,0.339307879536071
2693,0,1,0,0.28384663998181514
2694,0,1,0,0.2952888144167409
2695,0,1,0,0.5478505651050974
2696,0,1,0,0.3011587497434734
2697,0,1,0,0.30467499709565554
2698,0,1,0,0.3379343504973457
2699,0,1,0,0.3252201700552961
2700,0,1,0,0.3396390528662172
2701,0,1,0,0.2744750205357155
2702,0,1,0,0.24943570613553134
2703,0,1,0,0.2908451054814474
2704,0,1,0,0.28383379930783903
2705,0,1,0,0.3256242826119944
2706,0,1,0,0.29494194682771285
2707,0,1,0,0.28384737522316594
2708,0,1,0,0.32464324692230084
2709,0,1,0,0.3009223164096256
2710,0,1,0,0.35071293325921815
2711,0,1,0,0.34220881248729623
2712,0,1,0,0.3408276183027862
2713,0,1,0,0.3069857305844093
2714,0,1,0,0.21636787740921065
2715,0,1,0,0.30425691994915277
2716,0,1,0,0.2441271284028874
2717,0,1,0,0.3056280744254227
2718,0,1,0,0.24611380024887367
2719,0,1,0,0.34079402295913863
2720,0,1,0,0.23510191217307688
2721,0,1,0,0.3053167600039906
2722,0,1,0,0.24724740594393088
2723,0,1,0,0.23240241937799788
2724,0,1,0,0.32655742274941896
2725,0,1,0,0.31081783710952365
2726,0,1,0,0.22967412684553762
2727,0,1,0,0.30465301592583605
2728,0,1,0,0.2838527426217904
2729,0,1,0,0.24744144088367
2730,0,1,0,0.32291753912598453
2731,0,1,0,0.3061145634842715
2732,0,1,0,0.3442783578816941
2733,0,1,0,0.3480483807483905
2734,0,1,0,0.29257802592129023
2735,0,1,0,0.29960271829318214
2736,0,1,0,0.2556273329600429
2737,0,1,0,0.2606151004964514
2738,0,1,0,0.3027390763671657
2739,0,1,0,0.24709027756354746
2740,0,1,0,0.2835641486043304
2741,0,1,0,0.3460711202919433
2742,0,1,0,0.3063919033445872
2743,0,1,0,0.2685868736109615
2744,0,1,0,0.3171567713831202
2745,0,1,0,0.30012815525517766
2746,0,1,0,0.26432718572475106
2747,0,1,0,0.3400269910761665
2748,0,1,0,0.2634875256243855
2749,0,1,0,0.3205948628314799
2750,0,1,0,0.30116575259754647
2751,0,1,0,0.2604220830043944
2752,0,1,0,0.2845663748988611
2753,0,1,0,0.30216824978212076
2754,0,1,0,0.2989243873744885
2755,0,1,0,0.26200563106160446
2756,0,1,0,0.2845454577606321
2757,0,1,0,0.2644042574613573
2758,0,1,0,0.3533953699918142
2759,0,1,0,0.28464247564031686
2760,0,1,0,0.2116513176456011
2761,0,1,0,0.23648346889619273
2762,0,1,0,0.25787302797523987
2763,0,1,0,0.29955222995570785
2764,0,1,0,0.17981071745562016
2765,0,1,0,0.30203657518446814
2766,0,1,0,0.23660994126730248
2767,0,1,0,0.3066877188677486
2768,0,1,0,0.2993935846733991
2769,0,1,0,0.2976651152733675
2770,0,1,0,0.2946216930412089
2771,0,1,0,0.30121746777414815
2772,0,1,0,0.2568052753832004
2773,0,1,0,0.3406419669571658
2774,0,1,0,0.3035156498843162
2775,0,1,0,0.24707410807920296
2776,0,1,0,0.305614297049467
2777,0,1,0,0.2044387822938982
2778,0,1,0,0.34511352461635547
2779,0,1,0,0.323773828234657
2780,0,1,0,0.28743104432605293
2781,0,1,0,0.30821838062049
2782,0,1,0,0.23527066107540098
2783,0,1,0,0.2508028000462478
2784,0,1,0,0.34352086573929885
2785,0,1,0,0.3029232817180989
2786,0,1,0,0.24253167087065827
2787,0,1,0,0.23148916735742783
2788,0,1,0,0.3473388079517877
2789,0,1,0,0.34509228866090136
2790,0,1,0,0.23752390519680316
2791,0,1,0,0.2841085245109159
2792,0,1,0,0.34390963484006387
2793,0,1,0,0.2920250192971459
2794,0,1,0,0.30485912237268115
2795,0,1,0,0.2841158166911053
2796,0,1,0,0.3197329486711978
2797,0,1,0,0.29382595109836085
2798,0,1,0,0.30052502909228335
2799,0,1,0,0.3421385980735659
2800,0,1,0,0.29142131827005563
2801,0,1,0,0.3478406336772936
2802,0,1,0,0.30077302128299266
2803,0,1,0,0.3986198056329672
2804,0,1,0,0.3092705471982694
2805,0,1,0,0.27203065432396056
2806,0,1,0,0.287427560093605
2807,0,1,0,0.30986882014613415
2808,0,1,0,0.21667992211964648
2809,0,1,0,0.3087225656691222
2810,0,1,0,0.24419335609181245
2811,0,1,0,0.23760580491754835
2812,0,1,0,0.3014113059894216
2813,0,1,0,0.24352229003567333
2814,0,1,0,0.3289648384675129
2815,0,1,0,0.3474993463233883
2816,0,1,0,0.31187607370041637
2817,0,1,0,0.28383719020837983
2818,0,1,0,0.3067699959985772
2819,0,1,0,0.2599566276157101
2820,0,1,0,0.20686997100746154
2821,0,1,0,0.2996036456773948
2822,0,1,0,0.3050377510194983
2823,0,1,0,0.30395069455701124
2824,0,1,0,0.34041735681316654
2825,0,1,0,0.219411451521681
2826,0,1,0,0.23433333698130462
2827,0,1,0,0.2899240820130795
2828,0,1,0,0.2998444850067542
2829,0,1,0,0.24676228016082447
2830,0,1,0,0.2607603343634707
2831,0,1,0,0.2297780664198034
2832,0,1,0,0.30478884879599555
2833,0,1,0,0.28511465844098244
2834,0,1,0,0.25321522541602204
2835,0,1,0,0.31362382135784705
2836,0,1,0,0.22644175368564956
2837,0,1,0,0.28509380734891293
2838,0,1,0,0.30780011703934324
2839,0,1,0,0.30691011060519924
2840,0,1,0,0.30681034403908775
2841,0,1,0,0.2656174228546147
2842,0,1,0,0.2219419254414184
2843,0,1,0,0.30254847052135025
2844,0,1,0,0.30761699052709407
2845,0,1,0,0.31503829474890754
2846,0,1,0,0.28569227633641225
2847,0,1,0,0.23238706673520942
2848,0,1,0,0.3014587230818047
2849,0,1,0,0.3052185131794606
2850,0,1,0,0.3077770641323203
2851,0,1,0,0.30599712714409416
2852,0,1,0,0.27568754918388205
2853,0,1,0,0.31835945869135673
2854,0,1,0,0.30217306454449055
2855,0,1,0,0.3011445980886867
2856,0,1,0,0.23557944321387503
2857,0,1,0,0.2932006834939593
2858,0,1,0,0.2805594313511909
2859,0,1,0,0.28145580379299207
2860,0,1,0,0.2908199726595617
2861,0,1,0,0.24637303332299088
2862,0,1,0,0.3433197792559293
2863,0,1,0,0.28403119202238325
2864,0,1,0,0.21121632063716386
2865,0,1,0,0.301483430142666
2866,0,1,0,0.3487276300955119
2867,0,1,0,0.34039028820614115
2868,0,1,0,0.35160871104944874
2869,0,1,0,0.28383101474734684
2870,0,1,0,0.23781609297918138
2871,0,1,0,0.3014137868102101
2872,0,1,0,0.3236432085646888
2873,0,1,0,0.23247551956885565
2874,0,1,0,0.34723200982440583
2875,0,1,0,0.3057450675424544
2876,0,1,0,0.33851508267505837
2877,0,1,0,0.22984654746254274
2878,0,1,0,0.2999185812252419
2879,0,1,0,0.2467895840865224
2880,0,1,0,0.2356316458124939
2881,0,1,0,0.2840095553595648
2882,0,1,0,0.22888403619010952
2883,0,1,0,0.28535680410054143
2884,0,1,0,0.28454274408953856
2885,0,1,0,0.3008359491990648
2886,0,1,0,0.22961392236397313
2887,0,1,0,0.2720314111341997
2888,0,1,0,0.3965183309360436
2889,0,1,0,0.3464507525729839
2890,0,1,0,0.34390316199225573
2891,0,1,0,0.21559322777294182
2892,0,1,0,0.34509279536800913
2893,0,1,0,0.2126909765930159
2894,0,1,0,0.3023212133409278
2895,0,1,0,0.3258944272898947
2896,0,1,0,0.31011151762171685
2897,0,1,0,0.33658890463203595
2898,0,1,0,0.3263785943453493
2899,0,1,0,0.284120938068483
2900,0,1,0,0.2841414114059118
2901,0,1,0,0.353321490401063
2902,0,1,0,0.28433713486455353
2903,0,1,0,0.2249807532730466
2904,0,1,0,0.2261695796337706
2905,0,1,0,0.30269234795508215
2906,0,1,0,0.23956918783495743
2907,0,1,0,0.30250825015323973
2908,0,1,0,0.31301925989900925
2909,0,1,0,0.29397729096416675
2910,0,1,0,0.23811053034467003
2911,0,1,0,0.3316229114228521
2912,0,1,0,0.2803481569259078
2913,0,1,0,0.29930138254725414
2914,0,1,0,0.28543631476857695
2915,0,1,0,0.3090557583538477
2916,0,1,0,0.2347811222282503
2917,0,1,0,0.3184599459077934
2918,0,1,0,0.3044869789507094
2919,0,1,0,0.3029103940888523
2920,0,1,0,0.2995265956197143
2921,0,1,0,0.30147968801578556
2922,0,1,0,0.3023015884746594
2923,0,1,0,0.21230328688274505
2924,0,1,0,0.3052410238684144
2925,0,1,0,0.32859190155480034
2926,0,1,0,0.24101325551556257
2927,0,1,0,0.3463525943103892
2928,0,1,0,0.3001747011398416
2929,0,1,0,0.3071637047351497
2930,0,1,0,0.2999772094406356
2931,0,1,0,0.2850085869292657
2932,0,1,0,0.231018154307902
2933,0,1,0,0.344257743103311
2934,0,1,0,0.33851617499834946
2935,0,1,0,0.2854442665664552
2936,0,1,0,0.23802253813835264
2937,0,1,0,0.309281478896087
2938,0,1,0,0.2845628625333088
2939,0,1,0,0.232209111480703
2940,0,1,0,0.24312348499981917
2941,0,1,0,0.3327345195573435
2942,0,1,0,0.34609013410493666
2943,0,1,0,0.3418250927481018
2944,0,1,0,0.30137628948698986
2945,0,1,0,0.3499821931731461
2946,0,1,0,0.32677247234311374
2947,0,1,0,0.18595667564613097
2948,0,1,0,0.30963233864589595
2949,0,1,0,0.2859414289364448
2950,0,1,0,0.33603037425798593
2951,0,1,0,0.30019910357986224
2952,0,1,0,0.2334888482897941
2953,0,1,0,0.3303294566639545
2954,0,1,0,0.24009843068962583
2955,0,1,0,0.2946844000647691
2956,0,1,0,0.33191511032169546
2957,0,1,0,0.28383384984140675
2958,0,1,0,0.3030662683226263
2959,0,1,0,0.24214940573748903
2960,0,1,0,0.34713759492511514
2961,0,1,0,0.3008824746561981
2962,0,1,0,0.32174096694072757
2963,0,1,0,0.24718141933583782
2964,0,1,0,0.30950135046179345
2965,0,1,0,0.32601564733628113
2966,0,1,0,0.3097917174756894
2967,0,1,0,0.3184753940184553
2968,0,1,0,0.3318576023497749
2969,0,1,0,0.3017882516258964
2970,0,1,0,0.23698348256803028
2971,0,1,0,0.28389400779430346
2972,0,1,0,0.26383533630959
2973,0,1,0,0.3472507970077667
2974,0,1,0,0.30647808188124326
2975,0,1,0,0.23987427166773692
2976,0,1,0,0.31580510421373864
2977,0,1,0,0.30536797220231743
2978,0,1,0,0.343817135095196
2979,0,1,0,0.3450936683144278
2980,0,1,0,0.23654670567835634
2981,0,1,0,0.24953446038336372
2982,0,1,0,0.30088440192439014
2983,0,1,0,0.34422840861844667
2984,0,1,0,0.20903900123835462
2985,0,1,0,0.33422218535079784
2986,0,1,0,0.2302795666597437
2987,0,1,0,0.299746812567744
2988,0,1,0,1.0866300836578098
2989,0,1,0,0.23495605206804487
2990,0,1,0,0.34338215606607014
2991,0,1,0,0.33458748974545277
2992,0,1,0,0.23319285586003272
2993,0,1,0,0.3327820635130245
2994,0,1,0,0.2372454165475496
2995,0,1,0,0.22681740495401562
2996,0,1,0,0.30228047986049084
2997,0,1,0,0.32913599548561995
2998,0,1,0,0.2041713963498186
2999,0,1,0,0.3326874550861215
3000,0,1,0,0.31499551646573964
3001,0,1,0,0.3082179217702593
3002,0,1,0,0.3033173510324723
3003,0,1,0,0.2346298046754698
3004,0,1,0,0.28569148261923005
3005,0,1,0,0.28432257983824116
3006,0,1,0,0.34781814712435544
3007,0,1,0,0.30992377024876777
3008,0,1,0,0.3084661436515482
3009,0,1,0,0.29820240892110084
3010,0,1,0,0.28388359588419093
3011,0,1,0,0.2838493023298652
3012,0,1,0,0.30161131585025686
3013,0,1,0,0.3047917858616457
3014,0,1,0,0.24803089095381714
3015,0,1,0,0.28401133856651223
3016,0,1,0,0.3092051965722187
3017,0,1,0,0.2839321596861924
3018,0,1,0,0.3067225601926667
3019,0,1,0,0.30923539344748013
3020,0,1,0,0.3057046953993724
3021,0,1,0,0.33282536573247345
3022,0,1,0,0.3138569339225823
3023,0,1,0,0.23672864992135026
3024,0,1,0,0.3016262236520395
3025,0,1,0,0.22485501395813748
3026,0,1,0,0.24110858871133725
3027,0,1,0,0.3466165900540394
3028,0,1,0,0.28460289017690876
3029,0,1,0,0.28431963765686624
3030,0,1,0,0.3368692296805107
3031,0,1,0,0.3096678874424594
3032,0,1,0,0.24725590737312178
3033,0,1,0,0.24771002564644848
3034,0,1,0,0.33890080489066776
3035,0,1,0,0.22169065705886498
3036,0,1,0,0.3218437747578237
3037,0,1,0,0.2160863796739103
3038,0,1,0,0.3045297739033188
3039,0,1,0,0.3445615248810915
3040,0,1,0,0.30784398196991675
3041,0,1,0,0.30852984347781726
3042,0,1,0,0.2773112254762408
3043,0,1,0,0.2980719253902708
3044,0,1,0,0.32359251807984274
3045,0,1,0,0.3467525944849012
3046,0,1,0,0.30864340365397597
3047,0,1,0,0.3541035940835285
3048,0,1,0,0.3105904306982635
3049,0,1,0,0.2934938809440858
3050,0,1,0,0.24526385403766632
3051,0,1,0,0.3020777249077473
3052,0,1,0,0.30149034543594994
3053,0,1,0,0.21227036444299918
3054,0,1,0,0.2998683819665805
3055,0,1,0,0.34311895553976773
3056,0,1,0,0.3010368094634512
3057,0,1,0,0.34344109580996945
3058,0,1,0,0.23539196917975785
3059,0,1,0,0.2377134520155345
3060,0,1,0,0.30093907293672917
3061,0,1,0,0.2841062089105976
3062,0,1,0,0.31694755114651535
3063,0,1,0,0.3279686998532229
3064,0,1,0,0.30180710938977134
3065,0,1,0,0.23979613241775172
3066,0,1,0,0.33162189128823805
3067,0,1,0,0.3117456054049619
3068,0,1,0,0.2978855421839724
3069,0,1,0,0.25485945820734207
3070,0,1,0,0.3035203832461277
3071,0,1,0,0.28431758876541807
3072,0,1,0,0.3092156388897491
3073,0,1,0,0.3084100736359406
3074,0,1,0,0.25200628576066375
3075,0,1,0,0.30271364298695624
3076,0,1,0,0.2343216384856521
3077,0,1,0,0.23644559380141958
3078,0,1,0,0.27826159565918734
3079,0,1,0,0.2591322510420479
3080,0,1,0,0.30896987474795884
3081,0,1,0,0.30041575689789995
3082,0,1,0,0.3413537308357277
3083,0,1,0,0.31877823196535016
3084,0,1,0,0.3040127179950543
3085,0,1,0,0.27807640797817623
3086,0,1,0,0.34394770379221745
3087,0,1,0,0.2546424691231911
3088,0,1,0,0.21825484372184317
3089,0,1,0,0.2751721623745004
3090,0,1,0,0.21348212815601159
3091,0,1,0,0.30903395020103536
3092,0,1,0,0.23043563964455321
3093,0,1,0,0.34976228473857357
3094,0,1,0,0.29887069335126126
3095,0,1,0,0.29766266979269995
3096,0,1,0,0.24248799191960352
3097,0,1,0,0.26960701587807934
3098,0,1,0,0.28577000625821714
3099,0,1,0,0.3269777547452045
3100,0,1,0,0.3002959581668886
3101,0,1,0,0.2861970876657222
3102,0,1,0,0.3008166817346587
3103,0,1,0,0.28411437371247417
3104,0,1,0,0.2724067308861474
3105,0,1,0,0.3723914277038741
3106,0,1,0,0.2749515511380925
3107,0,1,0,0.23281378248953824
3108,0,1,0,0.2063540113268625
3109,0,1,0,0.2977080283404011
3110,0,1,0,0.2489845318671503
3111,0,1,0,0.32343103881966945
3112,0,1,0,0.34139599772912804
3113,0,1,0,0.24399104914553543
3114,0,1,0,0.30309706845966483
3115,0,1,0,0.29731027894348216
3116,0,1,0,0.29578794163993133
3117,0,1,0,0.2985352825669167
3118,0,1,0,0.238133495125707
3119,0,1,0,0.31284969074626373
3120,0,1,0,0.28644518097105076
3121,0,1,0,0.28451139420036337
3122,0,1,0,0.30570545159933077
3123,0,1,0,0.3126508215287847
3124,0,1,0,0.3443738524857281
3125,0,1,0,0.31113631855293133
3126,0,1,0,0.3025453915337539
3127,0,1,0,0.3080759547855425
3128,0,1,0,0.32920444169748014
3129,0,1,0,0.34151053127552383
3130,0,1,0,0.28795091890127655
3131,0,1,0,0.3014591411638687
3132,0,1,0,0.25931514501682096
3133,0,1,0,0.23012360466104306
3134,0,1,0,0.2430299277974245
3135,0,1,0,0.24839628187149446
3136,0,1,0,0.332191900200816
3137,0,1,0,0.2789118483988602
3138,0,1,0,0.2840452712445342
3139,0,1,0,0.2383077840749314
3140,0,1,0,0.3452247795086447
3141,0,1,0,0.29858488249274756
3142,0,1,0,0.2840114139550495
3143,0,1,0,0.23466663328897164
3144,0,1,0,0.2561582106052286
3145,0,1,0,0.3014319904145967
3146,0,1,0,0.2427830127852378
3147,0,1,0,0.2375460778611937
3148,0,1,0,0.24356206919052106
3149,0,1,0,0.2834131229364183
3150,0,1,0,0.26461851420950794
3151,0,1,0,0.3456333988487259
3152,0,1,0,0.2844547131857331
3153,0,1,0,0.34437032235709064
3154,0,1,0,0.25250733141218473
3155,0,1,0,0.23362142847179565
3156,0,1,0,0.2960275684393242
3157,0,1,0,0.3402140232164128
3158,0,1,0,0.319407203274789
3159,0,1,0,0.3059213990736248
3160,0,1,0,0.32735480146487606
3161,0,1,0,0.3467261077301136
3162,0,1,0,0.2587528922784276
3163,0,1,0,0.2312920160560125
3164,0,1,0,0.32920692222643533
3165,0,1,0,0.24510639412213595
3166,0,1,0,0.24624013781844067
3167,0,1,0,0.28411607076915263
3168,0,1,0,0.31024511325769066
3169,0,1,0,0.25722665213386714
3170,0,1,0,0.30299404686292764
3171,0,1,0,0.3274160429582464
3172,0,1,0,0.29060482374214625
3173,0,1,0,0.3488910380632552
3174,0,1,0,0.24810028830997324
3175,0,1,0,0.28664268582276026
3176,0,1,0,0.34059591402396655
3177,0,1,0,0.3083215914898388
3178,0,1,0,0.24369559977319002
3179,0,1,0,0.23714120891378582
3180,0,1,0,0.3120344022126998
3181,0,1,0,0.3425321649818631
3182,0,1,0,0.2843635855916118
3183,0,1,0,0.23237540317071176
3184,0,1,0,0.2310531267766444
3185,0,1,0,0.24081735158163609
3186,0,1,0,0.301554815773883
3187,0,1,0,0.28388477517822175
3188,0,1,0,0.24057320955162959
3189,0,1,0,0.2988325629919152
3190,0,1,0,0.3424254648821391
3191,0,1,0,0.2501555528960076
3192,0,1,0,0.33419601178959885
3193,0,1,0,0.3422073368958317
3194,0,1,0,0.22995012690452724
3195,0,1,0,0.29955267836309823
3196,0,1,0,0.31407688956199825
3197,0,1,0,0.29494958830868323
3198,0,1,0,0.3154496967241964
3199,0,1,0,0.3014396969906226
3200,0,1,0,0.2857910855766151
3201,0,1,0,0.2971133700436898
3202,0,1,0,0.31228746579061967
3203,0,1,0,0.26447867538155906
3204,0,1,0,0.3127254024319385
3205,0,1,0,0.3016767536723345
3206,0,1,0,0.3026360588840807
3207,0,1,0,0.3044527802081914
3208,0,1,0,0.34514352322806596
3209,0,1,0,0.2442122259092335
3210,0,1,0,0.23195597878113408
3211,0,1,0,0.34904919497665776
3212,0,1,0,0.34360028356137023
3213,0,1,0,0.28503240959536313
3214,0,1,0,0.24300945786799255
3215,0,1,0,0.3078026870548706
3216,0,1,0,0.2609985294158906
3217,0,1,0,0.22887113826222977
3218,0,1,0,0.24000304326496177
3219,0,1,0,0.3279722777558014
3220,0,1,0,0.33424179124449555
3221,0,1,0,0.33010278150587946
3222,0,1,0,0.27539380220622134
3223,0,1,0,0.24982423732301492
3224,0,1,0,0.31432586922255656
3225,0,1,0,0.24189926170978537
3226,0,1,0,0.294715501085659
3227,0,1,0,0.27769565673808283
3228,0,1,0,0.250056315973091
3229,0,1,0,0.32340209207464843
3230,0,1,0,0.268239158829068
3231,0,1,0,0.2984525918077699
3232,0,1,0,0.29386897872531614
3233,0,1,0,0.2947015664005848
3234,0,1,0,0.3109421823928869
3235,0,1,0,0.341625576982329
3236,0,1,0,0.35130040971003434
3237,0,1,0,0.24473798691724685
3238,0,1,0,0.23976874147192379
3239,0,1,0,0.3108857473026692
3240,0,1,0,0.28585072094266695
3241,0,1,0,0.26836917087704876
3242,0,1,0,0.29807266821075856
3243,0,1,0,0.2281064178194013
3244,0,1,0,0.30396246132078203
3245,0,1,0,0.3464052291252268
3246,0,1,0,0.2815047282110347
3247,0,1,0,0.3283284431683846
3248,0,1,0,0.2382059261154383
3249,0,1,0,0.34408609612955965
3250,0,1,0,0.3237571635002244
3251,0,1,0,0.25012469627336137
3252,0,1,0,0.29970937475216797
3253,0,1,0,0.3068895231912941
3254,0,1,0,0.3032302374974766
3255,0,1,0,0.2838154039945589
3256,0,1,0,0.3208537409471228
3257,0,1,0,0.23407430140869717
3258,0,1,0,0.27070275831852875
3259,0,1,0,0.33962273072830246
3260,0,1,0,0.24367824973472096
3261,0,1,0,0.2843171104271497
3262,0,1,0,0.2821289514549512
3263,0,1,0,0.22616032154692842
3264,0,1,0,0.2742817265599895
3265,0,1,0,0.251451985399451
3266,0,1,0,0.2992944430597355
3267,0,1,0,0.30080958452035966
3268,0,1,0,0.35177925198867876
3269,0,1,0,0.30507946374889783
3270,0,1,0,0.28496412091076573
3271,0,1,0,0.20915562119112802
3272,0,1,0,0.34002937820569823
3273,0,1,0,0.24718946024827632
3274,0,1,0,0.2704690864978113
3275,0,1,0,0.3077578225133028
3276,0,1,0,0.30114095364499593
3277,0,1,0,0.3502103999629728
3278,0,1,0,0.23026494602161657
3279,0,1,0,0.303288836696921
3280,0,1,0,0.2572182215629554
3281,0,1,0,0.3364805612788652
3282,0,1,0,0.3062212258339642
3283,0,1,0,0.20309675963531998
3284,0,1,0,0.24466038605182133
3285,0,1,0,0.2106585431755434
3286,0,1,0,0.34219457344553444
3287,0,1,0,0.24717464025454286
3288,0,1,0,0.2585979349701864
3289,0,1,0,0.30766579609240785
3290,0,1,0,0.28509242719495714
3291,0,1,0,0.34560408745545096
3292,0,1,0,0.34052750871429294
3293,0,1,0,0.23253098460165525
3294,0,1,0,0.24570900477975086
3295,0,1,0,0.26246571357817444
3296,0,1,0,0.23016248456613064
3297,0,1,0,0.3275558287105833
3298,0,1,0,0.24718934032102147
3299,0,1,0,0.24831162383202401
3300,0,1,0,0.29949615540675845
3301,0,1,0,0.21059155968464874
3302,0,1,0,0.3452937294126978
3303,0,1,0,0.29822238494839653
3304,0,1,0,0.2658868813616633
3305,0,1,0,0.2295205259704697
3306,0,1,0,0.2864150315127042
3307,0,1,0,0.33571540861109794
3308,0,1,0,0.2482561604986447
3309,0,1,0,0.33480153633982723
3310,0,1,0,0.29648067141958445
3311,0,1,0,0.3019577393688816
3312,0,1,0,0.24235954872837395
3313,0,1,0,0.23944384534961088
3314,0,1,0,0.2755497413877484
3315,0,1,0,0.30870598470819527
3316,0,1,0,0.20072920642641848
3317,0,1,0,0.23612657647478225
3318,0,1,0,0.3313110981357516
3319,0,1,0,0.30597326528609203
3320,0,1,0,0.23361314228445873
3321,0,1,0,0.22996589452866545
3322,0,1,0,0.23708370597369377
3323,0,1,0,0.2271660083107803
3324,0,1,0,0.3051044441458748
3325,0,1,0,0.30284037602419994
3326,0,1,0,0.29087173856645104
3327,0,1,0,0.3091721621348354
3328,0,1,0,0.24689703737808014
3329,0,1,0,0.34900651213492784
3330,0,1,0,0.2839215729751718
3331,0,1,0,0.3008834939111195
3332,0,1,0,0.30442086925593886
3333,0,1,0,0.32769859145481695
3334,0,1,0,0.3262097998792382
3335,0,1,0,0.3350921662315496
3336,0,1,0,0.2725032901400867
3337,0,1,0,0.31217964315287133
3338,0,1,0,0.22185468420139573
3339,0,1,0,0.33510228730197267
3340,0,1,0,0.3424401715056627
3341,0,1,0,0.30726257495169895
3342,0,1,0,0.2995811108111044
3343,0,1,0,0.2413660517757696
3344,0,1,0,0.3105403194544252
3345,0,1,0,0.30106236399771397
3346,0,1,0,0.2571110508148871
3347,0,1,0,0.3073579413912978
3348,0,1,0,0.3380172984039378
3349,0,1,0,0.3124302661795491
3350,0,1,0,0.2277433191821047
3351,0,1,0,0.23578380756772696
3352,0,1,0,0.3256490657536806
3353,0,1,0,0.29825405996428417
3354,0,1,0,0.296771555539025
3355,0,1,0,0.23799399710223515
3356,0,1,0,0.21196085838203482
3357,0,1,0,0.24764169438992825
3358,0,1,0,0.2811348797977003
3359,0,1,0,0.240219377164697
3360,0,1,0,0.3466554171868421
3361,0,1,0,0.3455104236824116
3362,0,1,0,0.28508612799832606
3363,0,1,0,0.2839381813437904
3364,0,1,0,0.28743274498303206
3365,0,1,0,0.3499307683914466
3366,0,1,0,0.2978188037576574
3367,0,1,0,0.3049410550363435
3368,0,1,0,0.346411266333681
3369,0,1,0,0.32686158128565046
3370,0,1,0,0.24165747393450218
3371,0,1,0,0.3034041878519323
3372,0,1,0,0.24119787694515601
3373,0,1,0,0.2863175239817247
3374,0,1,0,0.30830236015040646
3375,0,1,0,0.2860479900365479
3376,0,1,0,0.2409894262430075
3377,0,1,0,0.3089270606005282
3378,0,1,0,0.30159663908767026
3379,0,1,0,0.2412471638233353
3380,0,1,0,0.28307316300194285
3381,0,1,0,0.31940944666237603
3382,0,1,0,0.30101600333148676
3383,0,1,0,0.3006770737085368
3384,0,1,0,0.31062894642014804
3385,0,1,0,0.2845429963514646
3386,0,1,0,0.22507613270378496
3387,0,1,0,0.30864023603808205
3388,0,1,0,0.24968456038381587
3389,0,1,0,0.20566037194087572
3390,0,1,0,0.35061469295481246
3391,0,1,0,0.2307356532090424
3392,0,1,0,0.287931627194164
3393,0,1,0,0.3200020001275091
3394,0,1,0,0.34171705644645095
3395,0,1,0,0.2625798144019812
3396,0,1,0,0.2838351011564718
3397,0,1,0,0.2618533469538446
3398,0,1,0,0.23292558130928756
3399,0,1,0,0.28915087020079633
3400,0,1,0,0.36366580397928955
3401,0,1,0,0.2976965394382345
3402,0,1,0,0.3097146835041083
3403,0,1,0,0.2795450560384304
3404,0,1,0,0.22712353765321644
3405,0,1,0,0.29094140921104933
3406,0,1,0,0.2327663351830778
3407,0,1,0,0.23811678155079094
3408,0,1,0,0.28599884471041004
3409,0,1,0,0.34636527713524456
3410,0,1,0,0.30296385429497097
3411,0,1,0,0.269109052582311
3412,0,1,0,0.2915258102669025
3413,0,1,0,0.34150796459023913
3414,0,1,0,0.28393393034530817
3415,0,1,0,0.2864190307044589
3416,0,1,0,0.29757418829915255
3417,0,1,0,0.30253283858301666
3418,0,1,0,0.265399683170531
3419,0,1,0,0.24160879940174762
3420,0,1,0,0.3393162429940227
3421,0,1,0,0.3209625076109836
3422,0,1,0,0.32732324705118704
3423,0,1,0,0.29943217988782006
3424,0,1,0,0.34380105174029385
3425,0,1,0,0.34009968459124973
3426,0,1,0,0.2672959932586255
3427,0,1,0,0.21480127082150102
3428,0,1,0,0.21092442927676874
3429,0,1,0,0.21364094102829917
3430,0,1,0,0.2677115537009005
3431,0,1,0,0.33385049189198057
3432,0,1,0,0.3048442215266352
3433,0,1,0,0.23512544241365516
3434,0,1,0,0.34588869710132725
3435,0,1,0,0.21391359295144216
3436,0,1,0,0.3086532036913422
3437,0,1,0,0.3023297056647285
3438,0,1,0,0.27418347041657987
3439,0,1,0,0.30624257819378325
3440,0,1,0,0.21336208144383023
3441,0,1,0,0.30824005672186416
3442,0,1,0,0.2878230154448348
3443,0,1,0,0.2736826646729149
3444,0,1,0,0.3297691376685277
3445,0,1,0,0.3029130787523325
3446,0,1,0,0.27542367193795686
3447,0,1,0,0.29962295946836526
3448,0,1,0,0.2826469530427171
3449,0,1,0,0.23591440489784488
3450,0,1,0,0.23871006423003854
3451,0,1,0,0.3092708139978499
3452,0,1,0,0.3404814032168259
3453,0,1,0,0.208971042053857
3454,0,1,0,0.2985732698077699
3455,0,1,0,0.3000466458671891
3456,0,1,0,0.33103234938294573
3457,0,1,0,0.3277267874842187
3458,0,1,0,0.23629211659492688
3459,0,1,0,0.3445984115700123
3460,0,1,0,0.3025911449984436
3461,0,1,0,0.2926315359249811
3462,0,1,0,0.3221707819212239
3463,0,1,0,0.24289870225702453
3464,0,1,0,0.285092451286098
3465,0,1,0,0.34460413505143583
3466,0,1,0,0.32872234943451295
3467,0,1,0,0.341402968407953
3468,0,1,0,0.2983898414246417
3469,0,1,0,0.3012497954778182
3470,0,1,0,0.2438718096875482
3471,0,1,0,0.23029475550370251
3472,0,1,0,0.30837728513469814
3473,0,1,0,0.3276264932703812
3474,0,1,0,0.24225744075649014
3475,0,1,0,0.23955377098046862
3476,0,1,0,0.22703358236299265
3477,0,1,0,0.34817662139430955
3478,0,1,0,0.30690815897190515
3479,0,1,0,0.2796835365281213
3480,0,1,0,0.30300923123198337
3481,0,1,0,0.24967505905816495
3482,0,1,0,0.23969532256307413
3483,0,1,0,0.3211972741699157
3484,0,1,0,0.3378631474349044
3485,0,1,0,0.2577590550866561
3486,0,1,0,0.338088706024476
3487,0,1,0,0.21264427667552205
3488,0,1,0,0.32418635277390917
3489,0,1,0,0.34907500842041445
3490,0,1,0,0.26974865978042756
3491,0,1,0,0.22870086952595436
3492,0,1,0,0.2919949549939365
3493,0,1,0,0.30173997982793527
3494,0,1,0,0.3014909842643413
3495,0,1,0,0.30183045796335434
3496,0,1,0,0.30909683907221247
3497,0,1,0,0.22716824600464658
3498,0,1,0,0.26584872522269787
3499,0,1,0,0.30976922307738664
3500,0,1,0,0.3014371100303727
3501,0,1,0,0.31171609653718746
3502,0,1,0,0.30104052799643954
3503,0,1,0,0.30935188946838676
3504,0,1,0,0.3093005363491943
3505,0,1,0,0.30846061498484983
3506,0,1,0,0.2850910989075535
3507,0,1,0,0.30183414966315164
3508,0,1,0,0.3287838855766805
3509,0,1,0,0.3016470238351504
3510,0,1,0,0.30306834541561567
3511,0,1,0,0.24425705365660477
3512,0,1,0,0.23725793096995473
3513,0,1,0,0.24502628163890264
3514,0,1,0,0.30903304919431884
3515,0,1,0,0.29927408989075566
3516,0,1,0,0.3450495638137964
3517,0,1,0,0.31005937776211046
3518,0,1,0,0.32878271282984906
3519,0,1,0,0.24996225356704552
3520,0,1,0,0.25973261286983496
3521,0,1,0,0.3472340666435598
3522,0,1,0,0.34266001532997487
3523,0,1,0,0.3243192546013356
3524,0,1,0,0.32271629825988185
3525,0,1,0,0.22867931161193397
3526,0,1,0,0.2316106523163772
3527,0,1,0,0.30998453548943283
3528,0,1,0,0.30739201566828206
3529,0,1,0,0.2312404235833669
3530,0,1,0,0.2397039706377931
3531,0,1,0,0.30566540072686815
3532,0,1,0,0.3269904872086058
3533,0,1,0,0.31718144878190535
3534,0,1,0,0.299537520767786
3535,0,1,0,0.3044367627356413
3536,0,1,0,0.7135040645221151
3537,0,1,0,0.34390144827475244
3538,0,1,0,0.3007220166799968
3539,0,1,0,0.3467674902079451
3540,0,1,0,0.3055042804250918
3541,0,1,0,0.23762777155946532
3542,0,1,0,0.26232626669785364
3543,0,1,0,0.28439923466135864
3544,0,1,0,0.2442388586646405
3545,0,1,0,0.3099792024136468
3546,0,1,0,0.28463363716741996
3547,0,1,0,0.2437273389503219
3548,0,1,0,0.2959552812732188
3549,0,1,0,0.20884312900764737
3550,0,1,0,0.29933617367290705
3551,0,1,0,0.2814681913166739
3552,0,1,0,0.32573202680005414
3553,0,1,0,0.3078677598541298
3554,0,1,0,0.2857928500295469
3555,0,1,0,0.30893591927947833
3556,0,1,0,0.3075221081418759
3557,0,1,0,0.25639084083878855
3558,0,1,0,0.31821737109525167
3559,0,1,0,0.23500366607280126
3560,0,1,0,0.26653716050807436
3561,0,1,0,0.34416851361998757
3562,0,1,0,0.2969045622136252
3563,0,1,0,0.3491334532797088
3564,0,1,0,0.3408421100589695
3565,0,1,0,0.24321323364808684
3566,0,1,0,0.30384322942835895
3567,0,1,0,0.21771026197236054
3568,0,1,0,0.3166473042307352
3569,0,1,0,0.27859820762170967
3570,0,1,0,0.35074953665053943
3571,0,1,0,0.2273495671149858
3572,0,1,0,0.2856840973598719
3573,0,1,0,0.3461400253914889
3574,0,1,0,0.27370661746280467
3575,0,1,0,0.2874519622950549
3576,0,1,0,0.29189847322089835
3577,0,1,0,0.24579768987444992
3578,0,1,0,0.3061416136175484
3579,0,1,0,0.2996530163659854
3580,0,1,0,0.3482265798928281
3581,0,1,0,0.24050175283577294
3582,0,1,0,0.3470212666929315
3583,0,1,0,0.2304499573130484
3584,0,1,0,0.30293280896999086
3585,0,1,0,0.3210837942022136
3586,0,1,0,0.339044546986549
3587,0,1,0,0.34913419231584214
3588,0,1,0,0.25662789455419543
3589,0,1,0,0.34950544105195397
3590,0,1,0,0.30356438732002844
3591,0,1,0,0.3013018193113883
3592,0,1,0,0.2541074912554413
3593,0,1,0,0.25304312046050836
3594,0,1,0,0.31202792075669245
3595,0,1,0,0.2857461781643425
3596,0,1,0,0.2767681429175429
3597,0,1,0,0.3001595610938396
3598,0,1,0,0.25553405426840103
3599,0,1,0,0.2334792123180612
3600,0,1,0,0.23606254342397456
3601,0,1,0,0.24021495404858056
3602,0,1,0,0.30368645573446906
3603,0,1,0,0.23780790410588487
3604,0,1,0,0.3093490511458844
3605,0,1,0,0.29748927025217986
3606,0,1,0,0.34676580006463514
3607,0,1,0,0.3044033910070545
3608,0,1,0,0.2985535303218652
3609,0,1,0,0.23810311209449095
3610,0,1,0,0.2997428086936726
3611,0,1,0,0.34748440635073546
3612,0,1,0,0.31786915338907445
3613,0,1,0,0.23853138353532213
3614,0,1,0,0.3089154382570934
3615,0,1,0,0.28513261571763565
3616,0,1,0,0.3177416142142437
3617,0,1,0,0.2999997853158092
3618,0,1,0,0.2076280935290844
3619,0,1,0,0.2113381152212849
3620,0,1,0,0.30838345518087956
3621,0,1,0,0.2122474503528308
3622,0,1,0,0.23366562955317005
3623,0,1,0,0.27191325318711096
3624,0,1,0,0.2387796686068905
3625,0,1,0,0.24102823099239346
3626,0,1,0,0.3094061713063892
3627,0,1,0,0.2857981429895183
3628,0,1,0,0.2857363281873796
3629,0,1,0,0.2916145190549423
3630,0,1,0,0.2608530896056501
3631,0,1,0,0.30090495625413793
3632,0,1,0,0.3266236340044641
3633,0,1,0,0.34203060900803184
3634,0,1,0,0.24732191472701745
3635,0,1,0,0.24656956862690466
3636,0,1,0,0.23721861936251656
3637,0,1,0,0.3232898957495529
3638,0,1,0,0.2807638671022715
3639,0,1,0,0.29920640604347887
3640,0,1,0,0.23107317688264928
3641,0,1,0,0.23784302234417196
3642,0,1,0,0.34889477153177506
3643,0,1,0,0.3354753384914179
3644,0,1,0,0.3003530433704168
3645,0,1,0,0.33304371552088075
3646,0,1,0,0.2567924017850117
3647,0,1,0,0.34029765860280825
3648,0,1,0,0.28454599106893813
3649,0,1,0,0.3465345707223415
3650,0,1,0,0.2365704340157525
3651,0,1,0,0.30641422989817896
3652,0,1,0,0.25695390476554353
3653,0,1,0,0.3013257858350337
3654,0,1,0,0.26973086657554457
3655,0,1,0,0.23100979360704124
3656,0,1,0,0.33973814262466584
3657,0,1,0,0.344050029543408
3658,0,1,0,0.3039646096783083
3659,0,1,0,0.2848890706150795
3660,0,1,0,0.31132589892825613
3661,0,1,0,0.3436739873627762
3662,0,1,0,0.3308170396081598
3663,0,1,0,0.24049639360732283
3664,0,1,0,0.22131822543767077
3665,0,1,0,0.21972242770066402
3666,0,1,0,0.3132723125091776
3667,0,1,0,0.31341047055107174
3668,0,1,0,0.2530721170516997
3669,0,1,0,0.2993269962036587
3670,0,1,0,0.2550912099261164
3671,0,1,0,0.3014038758577863
3672,0,1,0,0.2951367614300131
3673,0,1,0,0.30897492917183894
3674,0,1,0,0.29668432524390925
3675,0,1,0,0.2840204162579935
3676,0,1,0,0.34024600633092394
3677,0,1,0,0.23713628084462457
3678,0,1,0,0.34462311458056005
3679,0,1,0,0.24078333638497176
3680,0,1,0,0.303640931324243
3681,0,1,0,0.23648924047612874
3682,0,1,0,0.32716506792725475
3683,0,1,0,0.23781987867741122
3684,0,1,0,0.2552813183986806
3685,0,1,0,0.3072334166534134
3686,0,1,0,0.25517678677519234
3687,0,1,0,0.34080498122761727
3688,0,1,0,0.29299079981805043
3689,0,1,0,0.2921141627325639
3690,0,1,0,0.30599508622991817
3691,0,1,0,0.3021301650982735
3692,0,1,0,0.3014999608907497
3693,0,1,0,0.3228506315706369
3694,0,1,0,0.30047984166128905
3695,0,1,0,0.3097055069883219
3696,0,1,0,0.2908531274975757
3697,0,1,0,0.29159290149066136
3698,0,1,0,0.3278619035070848
3699,0,1,0,0.2660617877854296
3700,0,1,0,0.2843620254394071
3701,0,1,0,0.21585194944075056
3702,0,1,0,0.24291841971188907
3703,0,1,0,0.27547452975700537
3704,0,1,0,0.2865671905701864
3705,0,1,0,0.31456120710411456
3706,0,1,0,0.28401135689769824
3707,0,1,0,0.28323219012978834
3708,0,1,0,0.34149934364548407
3709,0,1,0,0.24875280925042975
3710,0,1,0,0.23311380789474107
3711,0,1,0,0.32971007239222844
3712,0,1,0,0.23365695916285553
3713,0,1,0,0.3397686762866522
3714,0,1,0,0.31785843476389314
3715,0,1,0,0.2986436007399184
3716,0,1,0,0.3000983795276419
3717,0,1,0,0.24808906089172642
3718,0,1,0,0.28289915504458124
3719,0,1,0,0.33739721014616475
3720,0,1,0,0.29993055200595814
3721,0,1,0,0.31296237566191765
3722,0,1,0,0.23481462400288577
3723,0,1,0,0.344471788185519
3724,0,1,0,0.27827792481327873
3725,0,1,0,0.3320819512320705
3726,0,1,0,0.29991185042104235
3727,0,1,0,0.31246539415144253
3728,0,1,0,0.2999572488898495
3729,0,1,0,0.23717809239142104
3730,0,1,0,0.24381859944089868
3731,0,1,0,0.2838561845238933
3732,0,1,0,0.33882373311974595
3733,0,1,0,0.23869545157095112
3734,0,1,0,0.234983298898348
3735,0,1,0,0.32539178160714355
3736,0,1,0,0.2602395634434493
3737,0,1,0,0.26519705044262554
3738,0,1,0,0.2519535949516676
3739,0,1,0,0.34333656014117825
3740,0,1,0,0.2954693474720631
3741,0,1,0,0.34423302097644337
3742,0,1,0,0.34335341121768476
3743,0,1,0,0.3047515791598638
3744,0,1,0,0.3459233920793044
3745,0,1,0,0.26408824504271083
3746,0,1,0,0.3364376901100084
3747,0,1,0,0.2401629738057212
3748,0,1,0,0.32203039278684453
3749,0,1,0,0.3079181228349121
3750,0,1,0,0.2567378076448331
3751,0,1,0,0.23845769609508155
3752,0,1,0,0.28431771266592637
3753,0,1,0,0.23516133779789605
3754,0,1,0,0.33688840192741226
3755,0,1,0,0.22026237259181547
3756,0,1,0,0.3465049194499431
3757,0,1,0,0.34353826991584896
3758,0,1,0,0.3071719183131651
3759,0,1,0,0.24321441899730437
3760,0,1,0,0.34107584266243696
3761,0,1,0,0.2832438882241835
3762,0,1,0,0.2576367230472493
3763,0,1,0,0.300578649429485
3764,0,1,0,0.2860330413413458
3765,0,1,0,0.3079250549095629
3766,0,1,0,0.23823189106573958
3767,0,1,0,0.3033847051993533
3768,0,1,0,0.3233087394222055
3769,0,1,0,0.20651595853805435
3770,0,1,0,0.26805856525704896
3771,0,1,0,0.3061694834576477
3772,0,1,0,0.24767370785808435
3773,0,1,0,0.23688921748428643
3774,0,1,0,0.30209810567842627
3775,0,1,0,0.24439849630414553
3776,0,1,0,0.25236695935823833
3777,0,1,0,0.2856894913961374
3778,0,1,0,0.34999250187728514
3779,0,1,0,0.22021035605864164
3780,0,1,0,0.30842313995285414
3781,0,1,0,0.2954727951565175
3782,0,1,0,0.3079091854659741
3783,0,1,0,0.26011176294341004
3784,0,1,0,0.3402495532773182
3785,0,1,0,0.3427576928441308
3786,0,1,0,0.3406145088888712
3787,0,1,0,0.24058898460993017
3788,0,1,0,0.3007156543947683
3789,0,1,0,0.3460453130509212
3790,0,1,0,0.3256121095984664
3791,0,1,0,0.27528092799064247
3792,0,1,0,0.3084274608661261
3793,0,1,0,0.34852053522151677
3794,0,1,0,0.32256463170273325
3795,0,1,0,0.30271510792503414
3796,0,1,0,0.2976695973274225
3797,0,1,0,0.28620912046167557
3798,0,1,0,0.326890842205062
3799,0,1,0,0.21321217356096941
3800,0,1,0,0.301896374042206
3801,0,1,0,0.2567021039550346
3802,0,1,0,0.31587623335976805
3803,0,1,0,0.3465812313287715
3804,0,1,0,0.3074195460942594
3805,0,1,0,0.3422074371185744
3806,0,1,0,0.3006440808359004
3807,0,1,0,0.3016389616464384
3808,0,1,0,0.29959206664988497
3809,0,1,0,0.3201176439255723
3810,0,1,0,0.2050307068665185
3811,0,1,0,0.30346776237953654
3812,0,1,0,0.23207719660099496
3813,0,1,0,0.3094303381955708
3814,0,1,0,0.2641593525186932
3815,0,1,0,0.2560133369936867
3816,0,1,0,0.2983083573430744
3817,0,1,0,0.3102758588017092
3818,0,1,0,0.27607012544932463
3819,0,1,0,0.3454905820793332
3820,0,1,0,0.3312721798707807
3821,0,1,0,0.24233532602590152
3822,0,1,0,0.3499990482332879
3823,0,1,0,0.3092520938124074
3824,0,1,0,0.31005905806774786
3825,0,1,0,0.3404061113388853
3826,0,1,0,0.21754334140141454
3827,0,1,0,0.2292890094187118
3828,0,1,0,0.23272487139991999
3829,0,1,0,0.23931699386981842
3830,0,1,0,0.28410743301648367
3831,0,1,0,0.2839244040041487
3832,0,1,0,0.30260747512555447
3833,0,1,0,0.322088949074464
3834,0,1,0,0.22512464362182985
3835,0,1,0,0.23963834085055635
3836,0,1,0,0.34222609233043144
3837,0,1,0,0.28388193126015887
3838,0,1,0,0.335492208092139
3839,0,1,0,0.3049037141542067
3840,0,1,0,0.23146183127677092
3841,0,1,0,0.23474566843602496
3842,0,1,0,0.3436122899381184
3843,0,1,0,0.28454746901597505
3844,0,1,0,0.28263207085502434
3845,0,1,0,0.29980524612793835
3846,0,1,0,0.24298608426810475
3847,0,1,0,0.25676697107007274
3848,0,1,0,0.2989029224378918
3849,0,1,0,0.2763992406023199
3850,0,1,0,0.2993644424727969
3851,0,1,0,0.22835351106648202
3852,0,1,0,0.26446723600320016
3853,0,1,0,0.28458637988572527
3854,0,1,0,0.33495762662781453
3855,0,1,0,0.24136196735531448
3856,0,1,0,0.30117066992882324
3857,0,1,0,0.2519628706543462
3858,0,1,0,0.30902950356088205
3859,0,1,0,0.24506388361345996
3860,0,1,0,0.31011131087553756
3861,0,1,0,0.48598714848176794
3862,0,1,0,0.31318193668908945
3863,0,1,0,0.2321685013528957
3864,0,1,0,0.31234698014391854
3865,0,1,0,0.3451173570038908
3866,0,1,0,0.32403593095261296
3867,0,1,0,0.3437146910028901
3868,0,1,0,0.3323809738231398
3869,0,1,0,0.26828210477027886
3870,0,1,0,0.3465136604118558
3871,0,1,0,0.2477151102328916
3872,0,1,0,0.28652736618469216
3873,0,1,0,0.2355522254030788
3874,0,1,0,0.2881126156000802
3875,0,1,0,0.28391560642469293
3876,0,1,0,0.30704220111561037
3877,0,1,0,0.3097503286556478
3878,0,1,0,0.2578198790101078
3879,0,1,0,0.30232836719579115
3880,0,1,0,0.22881880921067485
3881,0,1,0,0.34459231227494797
3882,0,1,0,0.2880803514174123
3883,0,1,0,0.26288672595084617
3884,0,1,0,0.24957702524439745
3885,0,1,0,0.2796138208003133
3886,0,1,0,0.3486329140793577
3887,0,1,0,0.22975352112256497
3888,0,1,0,0.23329591672782618
3889,0,1,0,0.23425796774991878
3890,0,1,0,0.28059366356105936
3891,0,1,0,0.3448711769404747
3892,0,1,0,0.3011498575825395
3893,0,1,0,0.30553829813463423
3894,0,1,0,0.306221640601307
3895,0,1,0,0.3432816936784048
3896,0,1,0,0.3007438900824933
3897,0,1,0,0.30029950826002294
3898,0,1,0,0.3319194478488787
3899,0,1,0,0.3025554533155665
3900,0,1,0,0.3086093729072439
3901,0,1,0,0.25867653771565685
3902,0,1,0,0.2468376863227307
3903,0,1,0,0.23790867801537371
3904,0,1,0,0.35291177084458103
3905,0,1,0,0.2696784297337898
3906,0,1,0,0.3204552751925944
3907,0,1,0,0.3399215245503351
3908,0,1,0,0.2301427278963207
3909,0,1,0,0.3180155763219605
3910,0,1,0,0.3265667364518266
3911,0,1,0,0.2326767415635387
3912,0,1,0,0.3363645719173025
3913,0,1,0,0.2573977766959398
3914,0,1,0,0.31222697919986936
3915,0,1,0,0.3382786235388022
3916,0,1,0,0.24664157090267919
3917,0,1,0,0.2991529685695581
3918,0,1,0,0.28836932872011456
3919,0,1,0,0.2178613568427191
3920,0,1,0,0.31182965501000215
3921,0,1,0,0.23830202633018732
3922,0,1,0,0.34067748379609863
3923,0,1,0,0.2306290926971416
3924,0,1,0,0.3226172394355355
3925,0,1,0,0.22209513739860376
3926,0,1,0,0.30568051835727583
3927,0,1,0,0.33379587507862923
3928,0,1,0,0.3238188744075331
3929,0,1,0,0.33348396892709214
3930,0,1,0,0.23097226353334888
3931,0,1,0,0.30616930412471244
3932,0,1,0,0.24373716996824568
3933,0,1,0,0.3071244729716583
3934,0,1,0,0.3013646473003911
3935,0,1,0,0.24065841090839785
3936,0,1,0,0.343844112387654
3937,0,1,0,0.3083280420660602
3938,0,1,0,0.23983452091772672
3939,0,1,0,0.3065990187909335
3940,0,1,0,0.3422554422086194
3941,0,1,0,0.35825646232876635
3942,0,1,0,0.261041217070084
3943,0,1,0,0.3464439704794859
3944,0,1,0,0.32629297541032437
3945,0,1,0,0.30058132506091034
3946,0,1,0,0.23872888693641361
3947,0,1,0,0.3092688393756748
3948,0,1,0,0.3418736209535144
3949,0,1,0,0.338323178757558
3950,0,1,0,0.31015410974943586
3951,0,1,0,0.3442660332337271
3952,0,1,0,0.314697952149631
3953,0,1,0,0.24816250876743154
3954,0,1,0,0.30264093612432885
3955,0,1,0,0.3499175781859017
3956,0,1,0,0.30457298337084854
3957,0,1,0,0.34813196804017366
3958,0,1,0,0.35027145099596857
3959,0,1,0,0.34730949024578717
3960,0,1,0,0.284323548808383
3961,0,1,0,0.34824440345143154
3962,0,1,0,0.34794064361424176
3963,0,1,0,0.2395845307684119
3964,0,1,0,0.23476581784222683
3965,0,1,0,0.2845762778170736
3966,0,1,0,0.3482043549520854
3967,0,1,0,0.27525266750769517
3968,0,1,0,0.3019284208467542
3969,0,1,0,0.2889453313616098
3970,0,1,0,0.22854706098918265
3971,0,1,0,0.3448077508423741
3972,0,1,0,0.20762224765615397
3973,0,1,0,0.2721113261599746
3974,0,1,0,0.3040089090401488
3975,0,1,0,0.30498945649992737
3976,0,1,0,0.3505917204463203
3977,0,1,0,0.23150041529580295
3978,0,1,0,0.28202329713374075
3979,0,1,0,0.343777235856538
3980,0,1,0,0.28466182221058334
3981,0,1,0,0.2857947093061366
3982,0,1,0,0.23665498839768226
3983,0,1,0,0.2854756094290568
3984,0,1,0,0.30277950577279433
3985,0,1,0,0.24769088333035053
3986,0,1,0,0.29851135233914894
3987,0,1,0,0.3459349265408775
3988,0,1,0,0.3048007605220573
3989,0,1,0,0.34125902605807684
3990,0,1,0,0.27908706217350465
3991,0,1,0,0.28410467382564836
3992,0,1,0,0.31143203350503895
3993,0,1,0,0.30056232335552013
3994,0,1,0,0.2953239432216096
3995,0,1,0,0.24415623201904094
3996,0,1,0,0.30642967446038816
3997,0,1,0,0.30217993754315925
3998,0,1,0,0.28569170672043365
3999,0,1,0,0.34919133474967
4000,0,1,0,0.23443853778472912
4001,0,1,0,0.2150087313193896
4002,0,1,0,0.26429689234436377
4003,0,1,0,0.223952991454633
4004,0,1,0,0.3016820082847792
4005,0,1,0,0.24609964466115086
4006,0,1,0,0.24060214671017963
4007,0,1,0,0.30248883073332555
4008,0,1,0,0.29194136219310607
4009,0,1,0,0.29176147428219323
4010,0,1,0,0.23382894083674569
4011,0,1,0,0.33848644523643984
4012,0,1,0,0.298515630997445
4013,0,1,0,0.23277702330789932
4014,0,1,0,0.3001493044460263
4015,0,1,0,0.3440015359742987
4016,0,1,0,0.30255128565261186
4017,0,1,0,0.3055491126913021
4018,0,1,0,0.34975870593684344
4019,0,1,0,0.26281120425168597
4020,0,1,0,0.30411992330800164
4021,0,1,0,0.29755918937547565
4022,0,1,0,0.21807973152290394
4023,0,1,0,0.3090976263263114
4024,0,1,0,0.30256290353896653
4025,0,1,0,0.24322329603520806
4026,0,1,0,0.31010988819779917
4027,0,1,0,0.30355881557467923
4028,0,1,0,0.34242173264129383
4029,0,1,0,0.2356520591290906
4030,0,1,0,0.28775482762909954
4031,0,1,0,0.3112176983574138
4032,0,1,0,0.2554622344304308
4033,0,1,0,0.3436051476985419
4034,0,1,0,0.2911175441003274
4035,0,1,0,0.24087289336054768
4036,0,1,0,0.2545822213818134
4037,0,1,0,0.3031846776547831
4038,0,1,0,0.2513598145700993
4039,0,1,0,0.2525576059909641
4040,0,1,0,0.3433309333793553
4041,0,1,0,0.302549219933236
4042,0,1,0,0.30263269768180134
4043,0,1,0,0.2131157238950772
4044,0,1,0,0.3062148643179
4045,0,1,0,0.23609086483397854
4046,0,1,0,0.27521135421332393
4047,0,1,0,0.3504642606982975
4048,0,1,0,0.33882969446443134
4049,0,1,0,0.22966837965353082
4050,0,1,0,0.22924852685923322
4051,0,1,0,0.3004630554571298
4052,0,1,0,0.21481066923255568
4053,0,1,0,0.30870832370941986
4054,0,1,0,0.3094413412200658
4055,0,1,0,0.2596073868662169
4056,0,1,0,0.22018084602383567
4057,0,1,0,0.2879656361855521
4058,0,1,0,0.24150235006501244
4059,0,1,0,0.22016065807586113
4060,0,1,0,0.289857849758368
4061,0,1,0,0.2281946835947073
4062,0,1,0,0.30836597999993914
4063,0,1,0,0.2176780083361654
4064,0,1,0,0.2428792729756883
4065,0,1,0,0.2874070096183575
4066,0,1,0,0.21225964606191353
4067,0,1,0,0.25997319272103836
4068,0,1,0,0.34767060666859967
4069,0,1,0,0.24801725732679503
4070,0,1,0,0.2781591815077011
4071,0,1,0,0.24311829809396562
4072,0,1,0,0.30070519984541894
4073,0,1,0,0.23537145714038074
4074,0,1,0,0.23320729211196325
4075,0,1,0,0.3458555753131347
4076,0,1,0,0.2838901228678677
4077,0,1,0,0.347717523045983
4078,0,1,0,0.23947657113682946
4079,0,1,0,0.28648173772373714
4080,0,1,0,0.40365119632822394
4081,0,1,0,0.3330002205320808
4082,0,1,0,0.23968496020444885
4083,0,1,0,0.23325742430907578
4084,0,1,0,0.24540325690161682
4085,0,1,0,0.328414553742799
4086,0,1,0,0.23630960064771997
4087,0,1,0,0.3505532381407502
4088,0,1,0,0.22269314074819346
4089,0,1,0,0.2818918435023821
4090,0,1,0,0.2771513583831635
4091,0,1,0,0.2818373445279472
4092,0,1,0,0.23472473821177905
4093,0,1,0,0.24863626393677848
4094,0,1,0,0.30073305821628815
4095,0,1,0,0.2328256628716001
4096,0,1,0,0.2778224602207605
4097,0,1,0,0.2889510323349495
4098,0,1,0,0.29584782721445585
4099,0,1,0,0.22515893263385056
4100,0,1,0,0.28383317193419333
4101,0,1,0,0.32759057358335875
4102,0,1,0,0.22649698481612926
4103,0,1,0,0.2354697026354013
4104,0,1,0,0.23986261424947597
4105,0,1,0,0.2856839744951482
4106,0,1,0,0.2922116517620935
4107,0,1,0,0.33864068115907797
4108,0,1,0,0.21457321396240092
4109,0,1,0,0.2415295690015642
4110,0,1,0,0.20916292381939733
4111,0,1,0,0.28245663797043635
4112,0,1,0,0.2928022115832668
4113,0,1,0,0.3416207724159781
4114,0,1,0,0.3009275993379921
4115,0,1,0,0.34684830395984806
4116,0,1,0,0.22045649707757878
4117,0,1,0,0.2763527903262678
4118,0,1,0,0.2872743467983305
4119,0,1,0,0.302679924833506
4120,0,1,0,0.2684829174457308
4121,0,1,0,0.30258472184535995
4122,0,1,0,0.34936158843226384
4123,0,1,0,0.22927086650357428
4124,0,1,0,0.31443853207011174
4125,0,1,0,0.21802294800629007
4126,0,1,0,0.38475897593734654
4127,0,1,0,0.30083062317104126
4128,0,1,0,0.3030918156730029
4129,0,1,0,0.23046617278397305
4130,0,1,0,0.26439753720839204
4131,0,1,0,0.34560646672011985
4132,0,1,0,0.3089156894011371
4133,0,1,0,0.25795119024529367
4134,0,1,0,0.3231691968692364
4135,0,1,0,0.30916864061179955
4136,0,1,0,0.3025527960459455
4137,0,1,0,0.30199395762026604
4138,0,1,0,0.32666522856684244
4139,0,1,0,0.2739158272673332
4140,0,1,0,0.3351701688125408
4141,0,1,0,0.2934949003012772
4142,0,1,0,0.2850921922631228
4143,0,1,0,0.27290618951523293
4144,0,1,0,0.30688365646416854
4145,0,1,0,0.28155839495323043
4146,0,1,0,0.30103796959411566
4147,0,1,0,0.2388748180052098
4148,0,1,0,0.24651897357895688
4149,0,1,0,0.2267619280068698
4150,0,1,0,0.3015689318337144
4151,0,1,0,0.30563652167964106
4152,0,1,0,0.28178272882048033
4153,0,1,0,0.3003447665576073
4154,0,1,0,0.2922542772816332
4155,0,1,0,0.23091458376481291
4156,0,1,0,0.30074783413364686
4157,0,1,0,0.3233542357551316
4158,0,1,0,0.22668122704962207
4159,0,1,0,0.3375988571263553
4160,0,1,0,0.2856907914028229
4161,0,1,0,0.23331925200125195
4162,0,1,0,0.2832716039543628
4163,0,1,0,0.29961710290187576
4164,0,1,0,0.33722277602681805
4165,0,1,0,0.30207084623117963
4166,0,1,0,0.2674138516408125
4167,0,1,0,0.23067838832837287
4168,0,1,0,0.327046384751394
4169,0,1,0,0.2194913939497867
4170,0,1,0,0.23736134308025178
4171,0,1,0,0.3096728090908206
4172,0,1,0,0.3083792710860001
4173,0,1,0,0.203607834194796
4174,0,1,0,0.29900441110379633
4175,0,1,0,0.3009879337581424
4176,0,1,0,0.3072536686211855
4177,0,1,0,0.2364318038527813
4178,0,1,0,0.2795470166566934
4179,0,1,0,0.30269702648806596
4180,0,1,0,0.3036661507080618
4181,0,1,0,0.21882382799656525
4182,0,1,0,0.3055182824324368
4183,0,1,0,0.33853374918391543
4184,0,1,0,0.3091846085864713
4185,0,1,0,0.23548115916433413
4186,0,1,0,0.2597638263577237
4187,0,1,0,0.21318759599170437
4188,0,1,0,0.34214603946902805
4189,0,1,0,0.2995224184131946
4190,0,1,0,0.22859577917724447
4191,0,1,0,0.2352109094680245
4192,0,1,0,0.3156975472768484
4193,0,1,0,0.2858017467963983
4194,0,1,0,0.22925218192661248
4195,0,1,0,0.3483731514722249
4196,0,1,0,0.34654005021564754
4197,0,1,0,0.29578543598801804
4198,0,1,0,0.3047723856885587
4199,0,1,0,0.28105150303247833
4200,0,1,0,0.22865715656201668
4201,0,1,0,0.24032776406080167
4202,0,1,0,0.2293341158872616
4203,0,1,0,0.30830619791216907
4204,0,1,0,0.256763868235578
4205,0,1,0,0.23761989424126265
4206,0,1,0,0.2845494061626429
4207,0,1,0,0.30821145921759074
4208,0,1,0,0.3045529107854832
4209,0,1,0,0.3422312605718858
4210,0,1,0,0.32315647215948134
4211,0,1,0,0.27311008647744306
4212,0,1,0,0.33731701153295857
4213,0,1,0,0.3514333646767239
4214,0,1,0,0.22946561812265137
4215,0,1,0,0.30197197359482336
4216,0,1,0,0.32688587004843994
4217,0,1,0,0.2955907251782169
4218,0,1,0,0.3024026757916591
4219,0,1,0,0.25575059093289226
4220,0,1,0,0.28569265041733327
4221,0,1,0,0.30328612184611387
4222,0,1,0,0.23011091377618392
4223,0,1,0,0.3308140518443032
4224,0,1,0,0.3448523232649224
4225,0,1,0,0.3001882277993852
4226,0,1,0,0.2851118154810349
4227,0,1,0,0.3281361096619079
4228,0,1,0,0.3013610061802998
4229,0,1,0,0.2985357527064124
4230,0,1,0,0.31052124015772914
4231,0,1,0,0.23019219744110014
4232,0,1,0,0.23637064297002003
4233,0,1,0,0.24010897991508826
4234,0,1,0,0.32188965705046235
4235,0,1,0,0.262396053661035
4236,0,1,0,0.2174526047276546
4237,0,1,0,0.30874895414439896
4238,0,1,0,0.3480216111253695
4239,0,1,0,0.28412244051838487
4240,0,1,0,0.3474717407012642
4241,0,1,0,0.3351910486721765
4242,0,1,0,0.3302190433430652
4243,0,1,0,0.24984242514038404
4244,0,1,0,0.3018001683457374
4245,0,1,0,0.329686703558521
4246,0,1,0,0.33265149733140736
4247,0,1,0,0.3422509926052576
4248,0,1,0,0.24688593295214062
4249,0,1,0,0.3017476115352033
4250,0,1,0,0.3079296849096929
4251,0,1,0,0.2880183730814854
4252,0,1,0,0.30300014695243177
4253,0,1,0,0.30197256215464385
4254,0,1,0,0.3007661438408049
4255,0,1,0,0.3222602767659904
4256,0,1,0,0.33802464513017705
4257,0,1,0,0.28568385835080967
4258,0,1,0,0.2803200560810659
4259,0,1,0,0.33856384807721773
4260,0,1,0,0.2856912720062116
4261,0,1,0,0.3017922678102324
4262,0,1,0,0.30182438164627945
4263,0,1,0,0.3079759031467924
4264,0,1,0,0.22282317417796046
4265,0,1,0,0.31113027172694563
4266,0,1,0,0.23610238846888518
4267,0,1,0,0.26327493692113435
4268,0,1,0,0.2830738603117781
4269,0,1,0,0.3081792005667881
4270,0,1,0,0.34115077988441384
4271,0,1,0,0.2388122898804273
4272,0,1,0,0.24377697968125317
4273,0,1,0,0.3474059028650351
4274,0,1,0,0.23689996270663005
4275,0,1,0,0.23150191575307963
4276,0,1,0,0.20200464299077275
4277,0,1,0,0.3477578665779961
4278,0,1,0,0.23519153668285914
4279,0,1,0,0.28383541351257036
4280,0,1,0,0.24325636058209096
4281,0,1,0,0.34702386893089915
4282,0,1,0,0.3000092511744571
4283,0,1,0,0.3260861599007198
4284,0,1,0,0.2400157900663513
4285,0,1,0,0.30481945906913266
4286,0,1,0,0.30631497347671577
4287,0,1,0,0.2625478316838389
4288,0,1,0,0.24554648270424678
4289,0,1,0,0.20921510663801476
4290,0,1,0,0.3456391386617304
4291,0,1,0,0.246430856435177
4292,0,1,0,0.22419159670914202
4293,0,1,0,0.28618676501672263
4294,0,1,0,0.3210839639813034
4295,0,1,0,0.2846536092536442
4296,0,1,0,0.284120685294333
4297,0,1,0,0.2612213868919082
4298,0,1,0,0.2306465175649242
4299,0,1,0,0.3453478582453787
4300,0,1,0,0.3447606837054683
4301,0,1,0,0.22770618099110906
4302,0,1,0,0.3458914833642558
4303,0,1,0,0.3223594320395704
4304,0,1,0,0.3286115091768635
4305,0,1,0,0.2841046574631077
4306,0,1,0,0.3105025142845551
4307,0,1,0,0.24084377544513935
4308,0,1,0,0.24723937165289384
4309,0,1,0,0.30155993599712166
4310,0,1,0,0.25371307733135406
4311,0,1,0,0.29733357428396107
4312,0,1,0,0.3423000813547244
4313,0,1,0,0.3262933443506493
4314,0,1,0,0.23440965307240466
4315,0,1,0,0.33891437992227286
4316,0,1,0,0.35147485239099907
4317,0,1,0,0.32813392262012536
4318,0,1,0,0.30848556754799755
4319,0,1,0,0.24365048638644957
4320,0,1,0,0.24310231483167483
4321,0,1,0,0.26408719687708904
4322,0,1,0,0.34734213503918043
4323,0,1,0,0.3024678566468217
4324,0,1,0,0.3395279221569753
4325,0,1,0,0.2862467686971328
4326,0,1,0,0.23726206956161697
4327,0,1,0,0.33565541012141
4328,0,1,0,0.23632604013512487
4329,0,1,0,0.32499567582895306
4330,0,1,0,0.2161183235751389
4331,0,1,0,0.2188254373378268
4332,0,1,0,0.21213465328834588
4333,0,1,0,0.3526593917107326
4334,0,1,0,0.24135478226770635
4335,0,1,0,0.30312735536739727
4336,0,1,0,0.24511263107480769
4337,0,1,0,0.3542320033177828
4338,0,1,0,0.3087482573411948
4339,0,1,0,0.3019731756508307
4340,0,1,0,0.23706366224489286
4341,0,1,0,0.3016471662407273
4342,0,1,0,0.2532917559209766
4343,0,1,0,0.24456194194215747
4344,0,1,0,0.21292058746329173
4345,0,1,0,0.23957093927593298
4346,0,1,0,0.28509606261574477
4347,0,1,0,0.32919453702926976
4348,0,1,0,0.33313497024178534
4349,0,1,0,0.3277145252736437
4350,0,1,0,0.3036092873516335
4351,0,1,0,0.32045586150741545
4352,0,1,0,0.3099448850343268
4353,0,1,0,0.3016527339837621
4354,0,1,0,0.34654556149661886
4355,0,1,0,0.25066394406826686
4356,0,1,0,0.24864956759229698
4357,0,1,0,0.29984935329187434
4358,0,1,0,0.22187011330272813
4359,0,1,0,0.28569157944208734
4360,0,1,0,0.3138716278139622
4361,0,1,0,0.34050768101331635
4362,0,1,0,0.30071371069092045
4363,0,1,0,0.23764400148414883
4364,0,1,0,0.28764416882109645
4365,0,1,0,0.31256059920468227
4366,0,1,0,0.23736074429285572
4367,0,1,0,0.3022116937358308
4368,0,1,0,0.29991899075356837
4369,0,1,0,0.3410737193665303
4370,0,1,0,0.29865869743175555
4371,0,1,0,0.30008187823342314
4372,0,1,0,0.3005647707856795
